session_id,video_id,species,bird_id
session_00018,0a4f68c491c05cd7846a1ced5b27e6e4,Black-Capped Chickadee,Black-Capped Chickadee_bird_1
session_00019,0a4f68c491c05cd7846a1ced5b27e6e4,Black-Capped Chickadee,Black-Capped Chickadee_bird_1
session_00020,0a4f68c491c05cd7846a1ced5b27e6e4,Black-Capped Chickadee,Black-Capped Chickadee_bird_1
session_00021,0a4f68c491c05cd7846a1ced5b27e6e4,Black-Capped Chickadee,Black-Capped Chickadee_bird_1
session_00029,12b2bc9b405bee5c07d171d24787702e,Black-Capped Chickadee,Black-Capped Chickadee_bird_1
session_00035,180f5f6500dd0bd0c3e5c5f1f6b72e5e,Black-Capped Chickadee,Black-Capped Chickadee_bird_1
session_00036,180f5f6500dd0bd0c3e5c5f1f6b72e5e,Black-Capped Chickadee,Black-Capped Chickadee_bird_1
session_00037,180f5f6500dd0bd0c3e5c5f1f6b72e5e,Black-Capped Chickadee,Black-Capped Chickadee_bird_1
session_00038,187119e0c142927facaebf7f428c170b,Black-Capped Chickadee,Black-Capped Chickadee_noise
session_00040,187119e0c142927facaebf7f428c170b,Black-Capped Chickadee,Black-Capped Chickadee_noise
session_00042,187119e0c142927facaebf7f428c170b,Black-Capped Chickadee,Black-Capped Chickadee_noise
session_00043,198cf95a75fb25e10fc88e36550332b5,Black-Capped Chickadee,Black-Capped Chickadee_bird_1
session_00044,1a0ac8df0af4fcc620fc02af0e2e9e66,Black-Capped Chickadee,Black-Capped Chickadee_noise
session_00045,1a0ac8df0af4fcc620fc02af0e2e9e66,Black-Capped Chickadee,Black-Capped Chickadee_noise
session_00046,1a0ac8df0af4fcc620fc02af0e2e9e66,Black-Capped Chickadee,Black-Capped Chickadee_bird_1
session_00047,1baed8325e57931f3520444cee078985,Black-Capped Chickadee,Black-Capped Chickadee_bird_1
session_00048,1baed8325e57931f3520444cee078985,Black-Capped Chickadee,Black-Capped Chickadee_bird_1
session_00049,1e5284feeb6d992491f2af857605d084,Black-Capped Chickadee,Black-Capped Chickadee_bird_1
session_00050,1e5284feeb6d992491f2af857605d084,Black-Capped Chickadee,Black-Capped Chickadee_noise
session_00054,20490f4f91ca7383b8653ae760f5a075,Black-Capped Chickadee,Black-Capped Chickadee_bird_1
session_00055,21a2499da6dea47fd5620522ba50d404,Black-Capped Chickadee,Black-Capped Chickadee_bird_1
session_00070,22d6c604a0581584822edd8c33728b04,Black-Capped Chickadee,Black-Capped Chickadee_bird_0
session_00071,22d6c604a0581584822edd8c33728b04,Black-Capped Chickadee,Black-Capped Chickadee_bird_1
session_00072,2375e3bf48e7eaee9f607514cb586484,Black-Capped Chickadee,Black-Capped Chickadee_bird_1
session_00074,2469e9085f0cc340e9598434a0aa5f81,Black-Capped Chickadee,Black-Capped Chickadee_bird_1
session_00075,2469e9085f0cc340e9598434a0aa5f81,Black-Capped Chickadee,Black-Capped Chickadee_bird_1
session_00076,2469e9085f0cc340e9598434a0aa5f81,Black-Capped Chickadee,Black-Capped Chickadee_bird_0
session_00080,276716b1ec29882375e8565b67d27aff,Black-Capped Chickadee,Black-Capped Chickadee_bird_1
session_00081,276716b1ec29882375e8565b67d27aff,Black-Capped Chickadee,Black-Capped Chickadee_bird_0
session_00089,27d7b7f0a9c57db168d00ce3b80a7b34,Black-Capped Chickadee,Black-Capped Chickadee_bird_1
session_00090,27d7b7f0a9c57db168d00ce3b80a7b34,Black-Capped Chickadee,Black-Capped Chickadee_bird_1
session_00091,27d7b7f0a9c57db168d00ce3b80a7b34,Black-Capped Chickadee,Black-Capped Chickadee_bird_1
session_00096,295aa3d846d1a47c1af8209d5ac36852,Black-Capped Chickadee,Black-Capped Chickadee_bird_1
session_00097,295aa3d846d1a47c1af8209d5ac36852,Black-Capped Chickadee,Black-Capped Chickadee_noise
session_00098,2a79f60b4413fc44854f6962a0f03bf4,Black-Capped Chickadee,Black-Capped Chickadee_bird_1
session_00099,2ac1a74368b5fd37284126341a9df514,Black-Capped Chickadee,Black-Capped Chickadee_bird_1
session_00100,2ac1a74368b5fd37284126341a9df514,Black-Capped Chickadee,Black-Capped Chickadee_noise
session_00115,2d7bbe05e4cfef72f93440155fdfbd11,Black-Capped Chickadee,Black-Capped Chickadee_bird_1
session_00116,2d7bbe05e4cfef72f93440155fdfbd11,Black-Capped Chickadee,Black-Capped Chickadee_bird_1
session_00118,2e591af106bc8f9ea439017993c29aa6,Black-Capped Chickadee,Black-Capped Chickadee_bird_1
session_00123,30a063cc9a830a80c62bdeaaf82d84a9,Black-Capped Chickadee,Black-Capped Chickadee_bird_1
session_00124,30a063cc9a830a80c62bdeaaf82d84a9,Black-Capped Chickadee,Black-Capped Chickadee_noise
session_00142,3c5006fb431f7c66c566bc81f8c13d7a,Black-Capped Chickadee,Black-Capped Chickadee_bird_1
session_00143,3c5de12e9a9d30e6a44f2dd43489486e,Black-Capped Chickadee,Black-Capped Chickadee_bird_1
session_00144,3c5de12e9a9d30e6a44f2dd43489486e,Black-Capped Chickadee,Black-Capped Chickadee_bird_1
session_00145,3d7c7778f07f6ce74c37e20b91fd9890,Black-Capped Chickadee,Black-Capped Chickadee_bird_1
session_00146,3d7c7778f07f6ce74c37e20b91fd9890,Black-Capped Chickadee,Black-Capped Chickadee_bird_1
session_00147,3d7c7778f07f6ce74c37e20b91fd9890,Black-Capped Chickadee,Black-Capped Chickadee_bird_1
session_00148,427bf8633225ad0a92819182e8c6fc09,Black-Capped Chickadee,Black-Capped Chickadee_bird_1
session_00149,427bf8633225ad0a92819182e8c6fc09,Black-Capped Chickadee,Black-Capped Chickadee_bird_1
session_00150,427bf8633225ad0a92819182e8c6fc09,Black-Capped Chickadee,Black-Capped Chickadee_bird_1
session_00152,44783ff6bae6c220afd61016b94fb441,Black-Capped Chickadee,Black-Capped Chickadee_bird_1
session_00163,46fdbcd1bce8d6917f608644548e6db6,Black-Capped Chickadee,Black-Capped Chickadee_bird_1
session_00164,46fdbcd1bce8d6917f608644548e6db6,Black-Capped Chickadee,Black-Capped Chickadee_bird_1
session_00165,4b34531f4fee45b8a0b0fb2003311ea7,Black-Capped Chickadee,Black-Capped Chickadee_bird_1
session_00166,4b34531f4fee45b8a0b0fb2003311ea7,Black-Capped Chickadee,Black-Capped Chickadee_bird_1
session_00167,4b34531f4fee45b8a0b0fb2003311ea7,Black-Capped Chickadee,Black-Capped Chickadee_bird_1
session_00168,4c9d0da78fe48773d7ba8d95dfe2404e,Black-Capped Chickadee,Black-Capped Chickadee_bird_1
session_00171,4cf8a881f0411382e69f20d825dfef7f,Black-Capped Chickadee,Black-Capped Chickadee_bird_1
session_00172,4cf8a881f0411382e69f20d825dfef7f,Black-Capped Chickadee,Black-Capped Chickadee_bird_1
session_00173,4d61c8c0309257498796e3ec7ca2f082,Black-Capped Chickadee,Black-Capped Chickadee_bird_1
session_00174,4d61c8c0309257498796e3ec7ca2f082,Black-Capped Chickadee,Black-Capped Chickadee_noise
session_00175,506d4c56e2b6672062ecab59b225c88f,Black-Capped Chickadee,Black-Capped Chickadee_bird_1
session_00176,506d4c56e2b6672062ecab59b225c88f,Black-Capped Chickadee,Black-Capped Chickadee_noise
session_00179,50cc0a32733d380e98a1ee082887fde7,Black-Capped Chickadee,Black-Capped Chickadee_bird_1
session_00180,51b233c6cb89d7f5bd289662f0afb316,Black-Capped Chickadee,Black-Capped Chickadee_bird_1
session_00181,51f6605495ad9746a9d0be8e308590f1,Black-Capped Chickadee,Black-Capped Chickadee_bird_1
session_00182,51f6605495ad9746a9d0be8e308590f1,Black-Capped Chickadee,Black-Capped Chickadee_bird_1
session_00183,51f6605495ad9746a9d0be8e308590f1,Black-Capped Chickadee,Black-Capped Chickadee_bird_1
session_00186,55c613b6a65421c3d358e4497f8000a4,Black-Capped Chickadee,Black-Capped Chickadee_bird_1
session_00187,55c613b6a65421c3d358e4497f8000a4,Black-Capped Chickadee,Black-Capped Chickadee_bird_1
session_00188,57904ba194265b18f909e323ea061069,Black-Capped Chickadee,Black-Capped Chickadee_bird_1
session_00196,5afdbfa8481df9931365acf525f1e3b5,Black-Capped Chickadee,Black-Capped Chickadee_bird_1
session_00199,5afdbfa8481df9931365acf525f1e3b5,Black-Capped Chickadee,Black-Capped Chickadee_bird_1
session_00201,5c5af4c1cd936ab385945af18e953a25,Black-Capped Chickadee,Black-Capped Chickadee_bird_1
session_00202,5c5af4c1cd936ab385945af18e953a25,Black-Capped Chickadee,Black-Capped Chickadee_bird_1
session_00203,5c5af4c1cd936ab385945af18e953a25,Black-Capped Chickadee,Black-Capped Chickadee_bird_1
session_00214,604f35a40049cd5caeaeb0ceea7b227a,Black-Capped Chickadee,Black-Capped Chickadee_bird_1
session_00215,604f35a40049cd5caeaeb0ceea7b227a,Black-Capped Chickadee,Black-Capped Chickadee_bird_1
session_00216,604f35a40049cd5caeaeb0ceea7b227a,Black-Capped Chickadee,Black-Capped Chickadee_bird_1
session_00235,6b658dc6708a75e809dacb6a515aff95,Black-Capped Chickadee,Black-Capped Chickadee_bird_1
session_00237,6b658dc6708a75e809dacb6a515aff95,Black-Capped Chickadee,Black-Capped Chickadee_bird_1
session_00239,6c59f5272304e5aeee916c04d0e72f22,Black-Capped Chickadee,Black-Capped Chickadee_bird_1
session_00240,6e3fad7160e94741e5b67649f482f293,Black-Capped Chickadee,Black-Capped Chickadee_bird_1
session_00241,6e3fad7160e94741e5b67649f482f293,Black-Capped Chickadee,Black-Capped Chickadee_bird_1
session_00242,7142ba08235b44f4251d6167ad892996,Black-Capped Chickadee,Black-Capped Chickadee_bird_1
session_00243,7142ba08235b44f4251d6167ad892996,Black-Capped Chickadee,Black-Capped Chickadee_bird_1
session_00244,7142ba08235b44f4251d6167ad892996,Black-Capped Chickadee,Black-Capped Chickadee_noise
session_00245,7142ba08235b44f4251d6167ad892996,Black-Capped Chickadee,Black-Capped Chickadee_noise
session_00247,72257ba9f8f5eaf522fa3a0df29e555e,Black-Capped Chickadee,Black-Capped Chickadee_bird_1
session_00248,72257ba9f8f5eaf522fa3a0df29e555e,Black-Capped Chickadee,Black-Capped Chickadee_bird_1
session_00250,769e2c248bc547fa98dc03afbbdf09fb,Black-Capped Chickadee,Black-Capped Chickadee_bird_1
session_00251,769e2c248bc547fa98dc03afbbdf09fb,Black-Capped Chickadee,Black-Capped Chickadee_bird_1
session_00253,769e2c248bc547fa98dc03afbbdf09fb,Black-Capped Chickadee,Black-Capped Chickadee_bird_1
session_00264,7bcf9e53ba37514521d4ce56ef33c331,Black-Capped Chickadee,Black-Capped Chickadee_bird_1
session_00265,7bcf9e53ba37514521d4ce56ef33c331,Black-Capped Chickadee,Black-Capped Chickadee_bird_1
session_00266,7bcf9e53ba37514521d4ce56ef33c331,Black-Capped Chickadee,Black-Capped Chickadee_bird_1
session_00271,7d74902054362170c0653928efaa3c00,Black-Capped Chickadee,Black-Capped Chickadee_bird_1
session_00272,7d74902054362170c0653928efaa3c00,Black-Capped Chickadee,Black-Capped Chickadee_noise
session_00273,7dd7fac41809270fa3519f6c9aed0549,Black-Capped Chickadee,Black-Capped Chickadee_bird_1
session_00274,7dd7fac41809270fa3519f6c9aed0549,Black-Capped Chickadee,Black-Capped Chickadee_bird_1
session_00285,8209ec0668b92c894664ed59ba403e70,Black-Capped Chickadee,Black-Capped Chickadee_bird_1
session_00286,8209ec0668b92c894664ed59ba403e70,Black-Capped Chickadee,Black-Capped Chickadee_bird_1
session_00287,8209ec0668b92c894664ed59ba403e70,Black-Capped Chickadee,Black-Capped Chickadee_noise
session_00288,8354e41bcd03b02be3103b60b7a20a71,Black-Capped Chickadee,Black-Capped Chickadee_bird_1
session_00289,8354e41bcd03b02be3103b60b7a20a71,Black-Capped Chickadee,Black-Capped Chickadee_bird_1
session_00290,83675cab6594aa30e87242cca661084e,Black-Capped Chickadee,Black-Capped Chickadee_bird_1
session_00291,83675cab6594aa30e87242cca661084e,Black-Capped Chickadee,Black-Capped Chickadee_bird_1
session_00299,86b71847549af02ccd55431ed0f2a2fe,Black-Capped Chickadee,Black-Capped Chickadee_bird_1
session_00300,87aefedb7b965fe36d77a6ef2636324a,Black-Capped Chickadee,Black-Capped Chickadee_bird_1
session_00302,87aefedb7b965fe36d77a6ef2636324a,Black-Capped Chickadee,Black-Capped Chickadee_bird_1
session_00303,87c4dd03bf60ae5eb3599fca4727b731,Black-Capped Chickadee,Black-Capped Chickadee_noise
session_00304,88d7874204f16bbf4ab88a6c607b366f,Black-Capped Chickadee,Black-Capped Chickadee_bird_1
session_00308,8b9517c8ab3e25cc79d4162b1918df50,Black-Capped Chickadee,Black-Capped Chickadee_bird_1
session_00309,8b9517c8ab3e25cc79d4162b1918df50,Black-Capped Chickadee,Black-Capped Chickadee_bird_1
session_00313,8fa75926b350bbe42909b40842496c6a,Black-Capped Chickadee,Black-Capped Chickadee_bird_1
session_00315,918a18cb6689801ea72079b7830ca4c5,Black-Capped Chickadee,Black-Capped Chickadee_bird_1
session_00316,918a18cb6689801ea72079b7830ca4c5,Black-Capped Chickadee,Black-Capped Chickadee_bird_1
session_00317,918a18cb6689801ea72079b7830ca4c5,Black-Capped Chickadee,Black-Capped Chickadee_bird_1
session_00325,94ac324fd8a581e088a6dc29d4c57719,Black-Capped Chickadee,Black-Capped Chickadee_bird_1
session_00334,96b8d75b013a43f3ebdd80c4dd1fcaa4,Black-Capped Chickadee,Black-Capped Chickadee_bird_1
session_00335,96b8d75b013a43f3ebdd80c4dd1fcaa4,Black-Capped Chickadee,Black-Capped Chickadee_bird_1
session_00336,9732c71da18dc722ce04ef289e1b286f,Black-Capped Chickadee,Black-Capped Chickadee_bird_1
session_00337,9741b588d8eb2eff8218318a7318d3c6,Black-Capped Chickadee,Black-Capped Chickadee_bird_1
session_00338,9741b588d8eb2eff8218318a7318d3c6,Black-Capped Chickadee,Black-Capped Chickadee_bird_1
session_00339,9741b588d8eb2eff8218318a7318d3c6,Black-Capped Chickadee,Black-Capped Chickadee_noise
session_00340,98aab355e856ea0bbc811e2888c46c4b,Black-Capped Chickadee,Black-Capped Chickadee_bird_1
session_00341,98aab355e856ea0bbc811e2888c46c4b,Black-Capped Chickadee,Black-Capped Chickadee_bird_1
session_00345,9a2b80e718843b54852b619c5ed24566,Black-Capped Chickadee,Black-Capped Chickadee_bird_1
session_00358,9f604d90be29d81d7ade4d74b56caa3e,Black-Capped Chickadee,Black-Capped Chickadee_bird_1
session_00359,9f604d90be29d81d7ade4d74b56caa3e,Black-Capped Chickadee,Black-Capped Chickadee_bird_1
session_00370,a3d662f7374314b9a33b27fc502b2dd6,Black-Capped Chickadee,Black-Capped Chickadee_bird_1
session_00374,a5b50e28ae82df3d69b0e20d51d74eaa,Black-Capped Chickadee,Black-Capped Chickadee_bird_1
session_00375,a5b50e28ae82df3d69b0e20d51d74eaa,Black-Capped Chickadee,Black-Capped Chickadee_bird_1
session_00376,a5b50e28ae82df3d69b0e20d51d74eaa,Black-Capped Chickadee,Black-Capped Chickadee_noise
session_00377,a5b50e28ae82df3d69b0e20d51d74eaa,Black-Capped Chickadee,Black-Capped Chickadee_bird_1
session_00379,a82f5b57222aa0ff116d17c61291faf2,Black-Capped Chickadee,Black-Capped Chickadee_bird_1
session_00380,a82f5b57222aa0ff116d17c61291faf2,Black-Capped Chickadee,Black-Capped Chickadee_noise
session_00385,a9fc445d969caf5a2585aef99dcaa9b0,Black-Capped Chickadee,Black-Capped Chickadee_bird_1
session_00388,ab1846dc2b70d3a9cfa453850206d6e2,Black-Capped Chickadee,Black-Capped Chickadee_noise
session_00401,ae158d6131bbb960e711d711ba95060e,Black-Capped Chickadee,Black-Capped Chickadee_bird_1
session_00402,ae158d6131bbb960e711d711ba95060e,Black-Capped Chickadee,Black-Capped Chickadee_bird_1
session_00405,aeaa57f55aa688c976f75acaa00f0717,Black-Capped Chickadee,Black-Capped Chickadee_bird_1
session_00411,b1f5911d3eb1b0f0a452f43fb3421b8c,Black-Capped Chickadee,Black-Capped Chickadee_bird_1
session_00412,b2bb7f162fc3565aafb63e012e838c6a,Black-Capped Chickadee,Black-Capped Chickadee_bird_1
session_00423,b6def37e142b55962f89df9d32be8d7f,Black-Capped Chickadee,Black-Capped Chickadee_bird_1
session_00424,b6def37e142b55962f89df9d32be8d7f,Black-Capped Chickadee,Black-Capped Chickadee_bird_1
session_00425,b7c9c01fa1cd4876a98252fce5b738a0,Black-Capped Chickadee,Black-Capped Chickadee_bird_1
session_00426,b7c9c01fa1cd4876a98252fce5b738a0,Black-Capped Chickadee,Black-Capped Chickadee_noise
session_00427,b7c9c01fa1cd4876a98252fce5b738a0,Black-Capped Chickadee,Black-Capped Chickadee_bird_1
session_00442,b95a06de1d0cdf97a9633de0b97e7ead,Black-Capped Chickadee,Black-Capped Chickadee_bird_1
session_00443,b95a06de1d0cdf97a9633de0b97e7ead,Black-Capped Chickadee,Black-Capped Chickadee_bird_1
session_00445,ba0977060602cda81b3ce893354da252,Black-Capped Chickadee,Black-Capped Chickadee_bird_1
session_00456,c1a4e63cfda20dec96a9a5d0951c9eba,Black-Capped Chickadee,Black-Capped Chickadee_bird_0
session_00457,c1a4e63cfda20dec96a9a5d0951c9eba,Black-Capped Chickadee,Black-Capped Chickadee_bird_1
session_00459,c1eb9921a3b3e161f63485d61c221c02,Black-Capped Chickadee,Black-Capped Chickadee_bird_1
session_00472,c89d9fe8bd3faead5b8f89cd2a6f84df,Black-Capped Chickadee,Black-Capped Chickadee_bird_1
session_00473,c89d9fe8bd3faead5b8f89cd2a6f84df,Black-Capped Chickadee,Black-Capped Chickadee_bird_1
session_00476,cc4f1512af39845ec7c3500b4ba6ed3e,Black-Capped Chickadee,Black-Capped Chickadee_bird_1
session_00477,ce9c606ce574414e4a84f55b100db1a7,Black-Capped Chickadee,Black-Capped Chickadee_bird_1
session_00478,ce9c606ce574414e4a84f55b100db1a7,Black-Capped Chickadee,Black-Capped Chickadee_bird_0
session_00479,ce9c606ce574414e4a84f55b100db1a7,Black-Capped Chickadee,Black-Capped Chickadee_bird_1
session_00480,ce9c606ce574414e4a84f55b100db1a7,Black-Capped Chickadee,Black-Capped Chickadee_bird_1
session_00522,e1ff12417a92b7c537a5e2dca9761015,Black-Capped Chickadee,Black-Capped Chickadee_bird_1
session_00523,e1ff12417a92b7c537a5e2dca9761015,Black-Capped Chickadee,Black-Capped Chickadee_bird_1
session_00524,e1ff12417a92b7c537a5e2dca9761015,Black-Capped Chickadee,Black-Capped Chickadee_bird_1
session_00525,e1ff12417a92b7c537a5e2dca9761015,Black-Capped Chickadee,Black-Capped Chickadee_noise
session_00531,e46ac8451e32d15a797161c76630b2c7,Black-Capped Chickadee,Black-Capped Chickadee_bird_1
session_00532,e46ac8451e32d15a797161c76630b2c7,Black-Capped Chickadee,Black-Capped Chickadee_noise
session_00535,e62c84a7514438482ef1abf70442054c,Black-Capped Chickadee,Black-Capped Chickadee_bird_1
session_00537,e62c84a7514438482ef1abf70442054c,Black-Capped Chickadee,Black-Capped Chickadee_bird_1
session_00546,e8dddfbe31408ac31cbf19c3e9b96f5a,Black-Capped Chickadee,Black-Capped Chickadee_bird_1
session_00548,e8dddfbe31408ac31cbf19c3e9b96f5a,Black-Capped Chickadee,Black-Capped Chickadee_bird_1
session_00554,eb564935c9775bd5baca7dede0d913f7,Black-Capped Chickadee,Black-Capped Chickadee_bird_1
session_00557,edc2446267435cb42337875e8b1dbbd7,Black-Capped Chickadee,Black-Capped Chickadee_bird_1
session_00558,edc2446267435cb42337875e8b1dbbd7,Black-Capped Chickadee,Black-Capped Chickadee_bird_1
session_00559,edc2446267435cb42337875e8b1dbbd7,Black-Capped Chickadee,Black-Capped Chickadee_bird_1
session_00560,edc2446267435cb42337875e8b1dbbd7,Black-Capped Chickadee,Black-Capped Chickadee_bird_1
session_00567,f1d50ddafafe45bd5b7e1fcc749fcce4,Black-Capped Chickadee,Black-Capped Chickadee_bird_1
session_00569,f1d50ddafafe45bd5b7e1fcc749fcce4,Black-Capped Chickadee,Black-Capped Chickadee_noise
session_00570,f1d50ddafafe45bd5b7e1fcc749fcce4,Black-Capped Chickadee,Black-Capped Chickadee_noise
session_00574,f4681fa89ee7ce69c51c3c1a957d51ef,Black-Capped Chickadee,Black-Capped Chickadee_bird_1
session_00575,f4681fa89ee7ce69c51c3c1a957d51ef,Black-Capped Chickadee,Black-Capped Chickadee_bird_1
session_00073,2469e9085f0cc340e9598434a0aa5f81,Chickadee,Chickadee_bird_0
session_00117,2e591af106bc8f9ea439017993c29aa6,Chickadee,Chickadee_bird_0
session_00151,427bf8633225ad0a92819182e8c6fc09,Chickadee,Chickadee_bird_0
session_00200,5afdbfa8481df9931365acf525f1e3b5,Chickadee,Chickadee_bird_2
session_00209,5ee63de9238711cb7a26ac7b7e8fdaa6,Chickadee,Chickadee_bird_0
session_00280,80e24ef8d26524192bbbbb7aa85870d6,Chickadee,Chickadee_bird_1
session_00386,a9fc445d969caf5a2585aef99dcaa9b0,Chickadee,Chickadee_bird_0
session_00403,ae70e63677e85b2d0b9bb2ce99b3abcd,Chickadee,Chickadee_bird_0
session_00404,aeaa57f55aa688c976f75acaa00f0717,Chickadee,Chickadee_bird_0
session_00413,b2bb7f162fc3565aafb63e012e838c6a,Chickadee,Chickadee_bird_0
session_00518,de6326fe6347cccb2783fe04796a80eb,Chickadee,Chickadee_bird_0
session_00547,e8dddfbe31408ac31cbf19c3e9b96f5a,Chickadee,Chickadee_bird_0
session_00553,eb564935c9775bd5baca7dede0d913f7,Chickadee,Chickadee_bird_0
session_00576,f4681fa89ee7ce69c51c3c1a957d51ef,Chickadee,Chickadee_bird_0
session_00000,0039503b7e92bbca4b0b7ca6ca43b9d5,Dark-Eyed Junco,Dark-Eyed Junco_bird_0
session_00001,01c4417e03d470b4cafa58c32cfc5c78,Dark-Eyed Junco,Dark-Eyed Junco_bird_0
session_00002,01c4417e03d470b4cafa58c32cfc5c78,Dark-Eyed Junco,Dark-Eyed Junco_bird_0
session_00003,01c4417e03d470b4cafa58c32cfc5c78,Dark-Eyed Junco,Dark-Eyed Junco_bird_0
session_00004,01e99f654ef2386c68e052fe15694896,Dark-Eyed Junco,Dark-Eyed Junco_bird_0
session_00005,01e99f654ef2386c68e052fe15694896,Dark-Eyed Junco,Dark-Eyed Junco_bird_0
session_00006,01e99f654ef2386c68e052fe15694896,Dark-Eyed Junco,Dark-Eyed Junco_bird_0
session_00007,01e99f654ef2386c68e052fe15694896,Dark-Eyed Junco,Dark-Eyed Junco_bird_0
session_00008,01f2b7643af1625ee178aa1643cd0494,Dark-Eyed Junco,Dark-Eyed Junco_bird_0
session_00009,020091cc06c17c7b2f408fb4d30465d8,Dark-Eyed Junco,Dark-Eyed Junco_bird_0
session_00010,020091cc06c17c7b2f408fb4d30465d8,Dark-Eyed Junco,Dark-Eyed Junco_bird_0
session_00011,020091cc06c17c7b2f408fb4d30465d8,Dark-Eyed Junco,Dark-Eyed Junco_bird_0
session_00012,035caf99d64b99ad54086f56451f33dd,Dark-Eyed Junco,Dark-Eyed Junco_bird_0
session_00013,035caf99d64b99ad54086f56451f33dd,Dark-Eyed Junco,Dark-Eyed Junco_bird_0
session_00014,05e97ad93318c9aea8c45a20d9eaf0b1,Dark-Eyed Junco,Dark-Eyed Junco_bird_0
session_00015,08e8020ea729c10da444cbc312c3aaa1,Dark-Eyed Junco,Dark-Eyed Junco_bird_0
session_00016,08e8020ea729c10da444cbc312c3aaa1,Dark-Eyed Junco,Dark-Eyed Junco_bird_0
session_00017,08e8020ea729c10da444cbc312c3aaa1,Dark-Eyed Junco,Dark-Eyed Junco_bird_0
session_00022,0c15b2c773ebfdffc3f37b89578972e1,Dark-Eyed Junco,Dark-Eyed Junco_bird_0
session_00023,0c15b2c773ebfdffc3f37b89578972e1,Dark-Eyed Junco,Dark-Eyed Junco_bird_0
session_00024,0c15b2c773ebfdffc3f37b89578972e1,Dark-Eyed Junco,Dark-Eyed Junco_bird_0
session_00025,0c9383915df662825dfa9e29cf6d3e48,Dark-Eyed Junco,Dark-Eyed Junco_bird_0
session_00026,0d0f9a1c3323fcc862e5a66a06e3fe5a,Dark-Eyed Junco,Dark-Eyed Junco_bird_0
session_00027,0d0f9a1c3323fcc862e5a66a06e3fe5a,Dark-Eyed Junco,Dark-Eyed Junco_bird_0
session_00028,0d0f9a1c3323fcc862e5a66a06e3fe5a,Dark-Eyed Junco,Dark-Eyed Junco_bird_0
session_00030,13c8a95bbb215f7cbaf932f058dc6254,Dark-Eyed Junco,Dark-Eyed Junco_bird_0
session_00031,13c8a95bbb215f7cbaf932f058dc6254,Dark-Eyed Junco,Dark-Eyed Junco_bird_0
session_00032,150d7c3f802ff68b28dce57ea252013f,Dark-Eyed Junco,Dark-Eyed Junco_bird_0
session_00033,150d7c3f802ff68b28dce57ea252013f,Dark-Eyed Junco,Dark-Eyed Junco_bird_0
session_00034,159acff80ab4e0185050888c10e04589,Dark-Eyed Junco,Dark-Eyed Junco_bird_0
session_00039,187119e0c142927facaebf7f428c170b,Dark-Eyed Junco,Dark-Eyed Junco_bird_0
session_00041,187119e0c142927facaebf7f428c170b,Dark-Eyed Junco,Dark-Eyed Junco_bird_0
session_00051,20490f4f91ca7383b8653ae760f5a075,Dark-Eyed Junco,Dark-Eyed Junco_bird_0
session_00052,20490f4f91ca7383b8653ae760f5a075,Dark-Eyed Junco,Dark-Eyed Junco_bird_0
session_00053,20490f4f91ca7383b8653ae760f5a075,Dark-Eyed Junco,Dark-Eyed Junco_bird_0
session_00056,21a89ad5f7717f9d32e4e42ae9601a3b,Dark-Eyed Junco,Dark-Eyed Junco_bird_0
session_00057,21a89ad5f7717f9d32e4e42ae9601a3b,Dark-Eyed Junco,Dark-Eyed Junco_bird_0
session_00058,21a89ad5f7717f9d32e4e42ae9601a3b,Dark-Eyed Junco,Dark-Eyed Junco_bird_0
session_00059,21a89ad5f7717f9d32e4e42ae9601a3b,Dark-Eyed Junco,Dark-Eyed Junco_bird_0
session_00060,21a89ad5f7717f9d32e4e42ae9601a3b,Dark-Eyed Junco,Dark-Eyed Junco_bird_0
session_00061,21cf9c6b73672a28d77efa5f4f011657,Dark-Eyed Junco,Dark-Eyed Junco_bird_0
session_00062,21cf9c6b73672a28d77efa5f4f011657,Dark-Eyed Junco,Dark-Eyed Junco_bird_0
session_00063,21cf9c6b73672a28d77efa5f4f011657,Dark-Eyed Junco,Dark-Eyed Junco_bird_0
session_00064,21cf9c6b73672a28d77efa5f4f011657,Dark-Eyed Junco,Dark-Eyed Junco_bird_0
session_00065,21cf9c6b73672a28d77efa5f4f011657,Dark-Eyed Junco,Dark-Eyed Junco_bird_0
session_00066,2293e4cc4dc8e55a7c83acf164f1ad80,Dark-Eyed Junco,Dark-Eyed Junco_bird_0
session_00067,2293e4cc4dc8e55a7c83acf164f1ad80,Dark-Eyed Junco,Dark-Eyed Junco_bird_0
session_00068,2293e4cc4dc8e55a7c83acf164f1ad80,Dark-Eyed Junco,Dark-Eyed Junco_bird_0
session_00069,2293e4cc4dc8e55a7c83acf164f1ad80,Dark-Eyed Junco,Dark-Eyed Junco_bird_0
session_00077,2562a205f5adc1a4f4f985d0caa47b51,Dark-Eyed Junco,Dark-Eyed Junco_bird_0
session_00078,272129f7ae304886f7bdc6366552ae36,Dark-Eyed Junco,Dark-Eyed Junco_bird_0
session_00079,272129f7ae304886f7bdc6366552ae36,Dark-Eyed Junco,Dark-Eyed Junco_bird_0
session_00082,276b98886355c364b8451d1a1631c364,Dark-Eyed Junco,Dark-Eyed Junco_bird_0
session_00083,276b98886355c364b8451d1a1631c364,Dark-Eyed Junco,Dark-Eyed Junco_bird_0
session_00084,276b98886355c364b8451d1a1631c364,Dark-Eyed Junco,Dark-Eyed Junco_bird_0
session_00085,276b98886355c364b8451d1a1631c364,Dark-Eyed Junco,Dark-Eyed Junco_bird_0
session_00086,276b98886355c364b8451d1a1631c364,Dark-Eyed Junco,Dark-Eyed Junco_bird_0
session_00087,276f84c16208de280021c517375a175d,Dark-Eyed Junco,Dark-Eyed Junco_bird_0
session_00088,276f84c16208de280021c517375a175d,Dark-Eyed Junco,Dark-Eyed Junco_bird_0
session_00092,27ee27444f8880c4e8bae3c3ddf32e9c,Dark-Eyed Junco,Dark-Eyed Junco_bird_0
session_00093,27ee27444f8880c4e8bae3c3ddf32e9c,Dark-Eyed Junco,Dark-Eyed Junco_bird_0
session_00094,27ee27444f8880c4e8bae3c3ddf32e9c,Dark-Eyed Junco,Dark-Eyed Junco_bird_0
session_00095,27ee27444f8880c4e8bae3c3ddf32e9c,Dark-Eyed Junco,Dark-Eyed Junco_bird_0
session_00101,2b92e24260bb2c221ac93e088b9a61e7,Dark-Eyed Junco,Dark-Eyed Junco_bird_0
session_00102,2b92e24260bb2c221ac93e088b9a61e7,Dark-Eyed Junco,Dark-Eyed Junco_bird_0
session_00103,2b92e24260bb2c221ac93e088b9a61e7,Dark-Eyed Junco,Dark-Eyed Junco_bird_0
session_00104,2baa35cf3cf937ede9fb64228f6883ec,Dark-Eyed Junco,Dark-Eyed Junco_bird_0
session_00105,2baa35cf3cf937ede9fb64228f6883ec,Dark-Eyed Junco,Dark-Eyed Junco_bird_0
session_00106,2baa35cf3cf937ede9fb64228f6883ec,Dark-Eyed Junco,Dark-Eyed Junco_bird_0
session_00107,2d304b8ca6d4cde682e3803790969183,Dark-Eyed Junco,Dark-Eyed Junco_bird_0
session_00108,2d304b8ca6d4cde682e3803790969183,Dark-Eyed Junco,Dark-Eyed Junco_bird_0
session_00109,2d304b8ca6d4cde682e3803790969183,Dark-Eyed Junco,Dark-Eyed Junco_bird_0
session_00110,2d304b8ca6d4cde682e3803790969183,Dark-Eyed Junco,Dark-Eyed Junco_bird_0
session_00111,2d4ec16a4b86c9cb194549feb4422746,Dark-Eyed Junco,Dark-Eyed Junco_bird_0
session_00112,2d4ec16a4b86c9cb194549feb4422746,Dark-Eyed Junco,Dark-Eyed Junco_bird_0
session_00113,2d4ec16a4b86c9cb194549feb4422746,Dark-Eyed Junco,Dark-Eyed Junco_bird_0
session_00114,2d4ec16a4b86c9cb194549feb4422746,Dark-Eyed Junco,Dark-Eyed Junco_bird_0
session_00119,2ee1db592f0cb9f02609b4319ed4d392,Dark-Eyed Junco,Dark-Eyed Junco_bird_0
session_00120,2ee1db592f0cb9f02609b4319ed4d392,Dark-Eyed Junco,Dark-Eyed Junco_bird_0
session_00121,2ee1db592f0cb9f02609b4319ed4d392,Dark-Eyed Junco,Dark-Eyed Junco_bird_0
session_00122,2ee1db592f0cb9f02609b4319ed4d392,Dark-Eyed Junco,Dark-Eyed Junco_bird_0
session_00125,30b348156f5f7992e16a22df7671440c,Dark-Eyed Junco,Dark-Eyed Junco_bird_0
session_00126,30b348156f5f7992e16a22df7671440c,Dark-Eyed Junco,Dark-Eyed Junco_bird_0
session_00127,3246d078ee772b542852cb17b10e0832,Dark-Eyed Junco,Dark-Eyed Junco_bird_0
session_00128,3246d078ee772b542852cb17b10e0832,Dark-Eyed Junco,Dark-Eyed Junco_bird_0
session_00129,3246d078ee772b542852cb17b10e0832,Dark-Eyed Junco,Dark-Eyed Junco_bird_0
session_00130,346dad971b113c46f2bc6cda9d6c8df5,Dark-Eyed Junco,Dark-Eyed Junco_bird_0
session_00131,346dad971b113c46f2bc6cda9d6c8df5,Dark-Eyed Junco,Dark-Eyed Junco_bird_0
session_00132,346dad971b113c46f2bc6cda9d6c8df5,Dark-Eyed Junco,Dark-Eyed Junco_bird_0
session_00133,346dad971b113c46f2bc6cda9d6c8df5,Dark-Eyed Junco,Dark-Eyed Junco_bird_0
session_00138,3985f0a3fc1bbcf9ce71b23079594c8a,Dark-Eyed Junco,Dark-Eyed Junco_bird_0
session_00139,3985f0a3fc1bbcf9ce71b23079594c8a,Dark-Eyed Junco,Dark-Eyed Junco_bird_0
session_00140,3a18ef9c0d287eca38650e22fc1c4d49,Dark-Eyed Junco,Dark-Eyed Junco_bird_0
session_00141,3a18ef9c0d287eca38650e22fc1c4d49,Dark-Eyed Junco,Dark-Eyed Junco_bird_0
session_00153,44ecabcec87d98b009951177aa8fe54c,Dark-Eyed Junco,Dark-Eyed Junco_bird_0
session_00154,44ecabcec87d98b009951177aa8fe54c,Dark-Eyed Junco,Dark-Eyed Junco_bird_0
session_00155,44ecabcec87d98b009951177aa8fe54c,Dark-Eyed Junco,Dark-Eyed Junco_bird_0
session_00156,44ecabcec87d98b009951177aa8fe54c,Dark-Eyed Junco,Dark-Eyed Junco_bird_0
session_00157,46aa34a404101eca381563d63e7a8b62,Dark-Eyed Junco,Dark-Eyed Junco_bird_0
session_00158,46aa34a404101eca381563d63e7a8b62,Dark-Eyed Junco,Dark-Eyed Junco_bird_0
session_00159,46aa34a404101eca381563d63e7a8b62,Dark-Eyed Junco,Dark-Eyed Junco_bird_0
session_00160,46aa34a404101eca381563d63e7a8b62,Dark-Eyed Junco,Dark-Eyed Junco_bird_0
session_00161,46aa34a404101eca381563d63e7a8b62,Dark-Eyed Junco,Dark-Eyed Junco_bird_0
session_00162,46aa34a404101eca381563d63e7a8b62,Dark-Eyed Junco,Dark-Eyed Junco_bird_0
session_00169,4ca36ba3680bb2118d2cbe97edf4e69a,Dark-Eyed Junco,Dark-Eyed Junco_bird_0
session_00170,4cf8a881f0411382e69f20d825dfef7f,Dark-Eyed Junco,Dark-Eyed Junco_bird_0
session_00177,507d2ad111ea7b8cdf43439f03af0275,Dark-Eyed Junco,Dark-Eyed Junco_bird_0
session_00178,507d2ad111ea7b8cdf43439f03af0275,Dark-Eyed Junco,Dark-Eyed Junco_bird_0
session_00184,55b3551161a126233cd6840c8d6c19c0,Dark-Eyed Junco,Dark-Eyed Junco_bird_0
session_00185,55b3551161a126233cd6840c8d6c19c0,Dark-Eyed Junco,Dark-Eyed Junco_bird_0
session_00189,57904ba194265b18f909e323ea061069,Dark-Eyed Junco,Dark-Eyed Junco_noise
session_00190,592064e20e3cd53aa287f3cfabc9d5b8,Dark-Eyed Junco,Dark-Eyed Junco_bird_0
session_00191,592064e20e3cd53aa287f3cfabc9d5b8,Dark-Eyed Junco,Dark-Eyed Junco_bird_0
session_00192,592064e20e3cd53aa287f3cfabc9d5b8,Dark-Eyed Junco,Dark-Eyed Junco_bird_0
session_00193,595576b07a574a3e3e8d42aa67e75af7,Dark-Eyed Junco,Dark-Eyed Junco_bird_0
session_00194,5afdbfa8481df9931365acf525f1e3b5,Dark-Eyed Junco,Dark-Eyed Junco_bird_0
session_00195,5afdbfa8481df9931365acf525f1e3b5,Dark-Eyed Junco,Dark-Eyed Junco_bird_0
session_00197,5afdbfa8481df9931365acf525f1e3b5,Dark-Eyed Junco,Dark-Eyed Junco_bird_0
session_00198,5afdbfa8481df9931365acf525f1e3b5,Dark-Eyed Junco,Dark-Eyed Junco_noise
session_00204,5ce5b29f09cc8dcad46e121e0951f63c,Dark-Eyed Junco,Dark-Eyed Junco_bird_0
session_00205,5ce5b29f09cc8dcad46e121e0951f63c,Dark-Eyed Junco,Dark-Eyed Junco_bird_0
session_00206,5ce5b29f09cc8dcad46e121e0951f63c,Dark-Eyed Junco,Dark-Eyed Junco_bird_0
session_00207,5ce5b29f09cc8dcad46e121e0951f63c,Dark-Eyed Junco,Dark-Eyed Junco_bird_0
session_00208,5ce5b29f09cc8dcad46e121e0951f63c,Dark-Eyed Junco,Dark-Eyed Junco_bird_0
session_00210,60313895cd1f428a29623aba42935215,Dark-Eyed Junco,Dark-Eyed Junco_bird_0
session_00211,60313895cd1f428a29623aba42935215,Dark-Eyed Junco,Dark-Eyed Junco_bird_0
session_00212,6035854e710a88813118f044a4555c0a,Dark-Eyed Junco,Dark-Eyed Junco_bird_0
session_00213,6035854e710a88813118f044a4555c0a,Dark-Eyed Junco,Dark-Eyed Junco_bird_0
session_00217,605a2c9f5e34110137744985e5dbd362,Dark-Eyed Junco,Dark-Eyed Junco_bird_0
session_00218,605a2c9f5e34110137744985e5dbd362,Dark-Eyed Junco,Dark-Eyed Junco_bird_0
session_00219,6455cd0982fa910edadfd69daf396035,Dark-Eyed Junco,Dark-Eyed Junco_bird_0
session_00220,6455cd0982fa910edadfd69daf396035,Dark-Eyed Junco,Dark-Eyed Junco_bird_0
session_00221,6455cd0982fa910edadfd69daf396035,Dark-Eyed Junco,Dark-Eyed Junco_bird_0
session_00222,64b7dabf1fa1904849f9700d3d36a7dd,Dark-Eyed Junco,Dark-Eyed Junco_bird_0
session_00223,677fc93a016112ffe7c70d1d80c570ef,Dark-Eyed Junco,Dark-Eyed Junco_bird_0
session_00224,677fc93a016112ffe7c70d1d80c570ef,Dark-Eyed Junco,Dark-Eyed Junco_bird_0
session_00225,677fc93a016112ffe7c70d1d80c570ef,Dark-Eyed Junco,Dark-Eyed Junco_bird_0
session_00226,677fc93a016112ffe7c70d1d80c570ef,Dark-Eyed Junco,Dark-Eyed Junco_bird_0
session_00227,684b0a33e47850542f35cecc00345155,Dark-Eyed Junco,Dark-Eyed Junco_bird_0
session_00228,6a3640de0a759ee8c56cbb331981ba8c,Dark-Eyed Junco,Dark-Eyed Junco_bird_0
session_00229,6a3640de0a759ee8c56cbb331981ba8c,Dark-Eyed Junco,Dark-Eyed Junco_bird_0
session_00230,6a3640de0a759ee8c56cbb331981ba8c,Dark-Eyed Junco,Dark-Eyed Junco_bird_0
session_00231,6a8de5d6040639850e84dec6a3585c81,Dark-Eyed Junco,Dark-Eyed Junco_bird_0
session_00232,6a8de5d6040639850e84dec6a3585c81,Dark-Eyed Junco,Dark-Eyed Junco_bird_0
session_00233,6b01c0cb9446793e8f81ebf2df676c7f,Dark-Eyed Junco,Dark-Eyed Junco_bird_0
session_00234,6b01c0cb9446793e8f81ebf2df676c7f,Dark-Eyed Junco,Dark-Eyed Junco_bird_0
session_00236,6b658dc6708a75e809dacb6a515aff95,Dark-Eyed Junco,Dark-Eyed Junco_bird_1
session_00238,6c59f5272304e5aeee916c04d0e72f22,Dark-Eyed Junco,Dark-Eyed Junco_bird_0
session_00246,72257ba9f8f5eaf522fa3a0df29e555e,Dark-Eyed Junco,Dark-Eyed Junco_bird_0
session_00249,769e2c248bc547fa98dc03afbbdf09fb,Dark-Eyed Junco,Dark-Eyed Junco_bird_0
session_00252,769e2c248bc547fa98dc03afbbdf09fb,Dark-Eyed Junco,Dark-Eyed Junco_bird_0
session_00254,78bef4a8da6f41d742e213e7a9e066b1,Dark-Eyed Junco,Dark-Eyed Junco_bird_0
session_00255,78bef4a8da6f41d742e213e7a9e066b1,Dark-Eyed Junco,Dark-Eyed Junco_bird_0
session_00256,79770e16680d881c4ede3b914cbfe56d,Dark-Eyed Junco,Dark-Eyed Junco_bird_0
session_00257,79770e16680d881c4ede3b914cbfe56d,Dark-Eyed Junco,Dark-Eyed Junco_bird_0
session_00261,79bb49dad098cbd23fac6188f44bf34f,Dark-Eyed Junco,Dark-Eyed Junco_bird_0
session_00262,79bb49dad098cbd23fac6188f44bf34f,Dark-Eyed Junco,Dark-Eyed Junco_bird_0
session_00263,79bb49dad098cbd23fac6188f44bf34f,Dark-Eyed Junco,Dark-Eyed Junco_bird_0
session_00267,7c358dcba99fad9dc7b8106cd0258ea9,Dark-Eyed Junco,Dark-Eyed Junco_bird_0
session_00268,7c358dcba99fad9dc7b8106cd0258ea9,Dark-Eyed Junco,Dark-Eyed Junco_bird_0
session_00269,7c358dcba99fad9dc7b8106cd0258ea9,Dark-Eyed Junco,Dark-Eyed Junco_bird_0
session_00270,7c358dcba99fad9dc7b8106cd0258ea9,Dark-Eyed Junco,Dark-Eyed Junco_bird_0
session_00277,80e24ef8d26524192bbbbb7aa85870d6,Dark-Eyed Junco,Dark-Eyed Junco_bird_0
session_00278,80e24ef8d26524192bbbbb7aa85870d6,Dark-Eyed Junco,Dark-Eyed Junco_bird_0
session_00279,80e24ef8d26524192bbbbb7aa85870d6,Dark-Eyed Junco,Dark-Eyed Junco_bird_0
session_00281,80e24ef8d26524192bbbbb7aa85870d6,Dark-Eyed Junco,Dark-Eyed Junco_bird_0
session_00282,8163eb85ead8ea11c938703e2708e161,Dark-Eyed Junco,Dark-Eyed Junco_bird_0
session_00283,8163eb85ead8ea11c938703e2708e161,Dark-Eyed Junco,Dark-Eyed Junco_bird_0
session_00284,8163eb85ead8ea11c938703e2708e161,Dark-Eyed Junco,Dark-Eyed Junco_bird_0
session_00295,837f8b76f6874c4ddd9cd550deb76604,Dark-Eyed Junco,Dark-Eyed Junco_bird_0
session_00296,837f8b76f6874c4ddd9cd550deb76604,Dark-Eyed Junco,Dark-Eyed Junco_noise
session_00297,858ac9d07cf25ebb666d74f5cce6aee6,Dark-Eyed Junco,Dark-Eyed Junco_bird_0
session_00298,858ac9d07cf25ebb666d74f5cce6aee6,Dark-Eyed Junco,Dark-Eyed Junco_bird_0
session_00301,87aefedb7b965fe36d77a6ef2636324a,Dark-Eyed Junco,Dark-Eyed Junco_bird_1
session_00305,89077326104e92711f94532f83dcd960,Dark-Eyed Junco,Dark-Eyed Junco_bird_0
session_00306,89077326104e92711f94532f83dcd960,Dark-Eyed Junco,Dark-Eyed Junco_bird_0
session_00307,89077326104e92711f94532f83dcd960,Dark-Eyed Junco,Dark-Eyed Junco_bird_0
session_00310,8d6e3ab4cef66810101dbd2e8dd05bc9,Dark-Eyed Junco,Dark-Eyed Junco_bird_1
session_00311,8d795e865c53d389d186e0e8047f23d3,Dark-Eyed Junco,Dark-Eyed Junco_bird_0
session_00312,8d795e865c53d389d186e0e8047f23d3,Dark-Eyed Junco,Dark-Eyed Junco_bird_0
session_00314,8fa75926b350bbe42909b40842496c6a,Dark-Eyed Junco,Dark-Eyed Junco_bird_1
session_00318,94242807fab7626078f46509539a7518,Dark-Eyed Junco,Dark-Eyed Junco_bird_0
session_00319,94242807fab7626078f46509539a7518,Dark-Eyed Junco,Dark-Eyed Junco_bird_0
session_00320,94242807fab7626078f46509539a7518,Dark-Eyed Junco,Dark-Eyed Junco_bird_0
session_00321,94242807fab7626078f46509539a7518,Dark-Eyed Junco,Dark-Eyed Junco_noise
session_00322,94ac324fd8a581e088a6dc29d4c57719,Dark-Eyed Junco,Dark-Eyed Junco_bird_0
session_00323,94ac324fd8a581e088a6dc29d4c57719,Dark-Eyed Junco,Dark-Eyed Junco_bird_0
session_00324,94ac324fd8a581e088a6dc29d4c57719,Dark-Eyed Junco,Dark-Eyed Junco_bird_0
session_00326,94ac324fd8a581e088a6dc29d4c57719,Dark-Eyed Junco,Dark-Eyed Junco_bird_0
session_00327,9550592ce6d531f73fdb162314d28a78,Dark-Eyed Junco,Dark-Eyed Junco_bird_0
session_00328,9550592ce6d531f73fdb162314d28a78,Dark-Eyed Junco,Dark-Eyed Junco_bird_0
session_00329,9550592ce6d531f73fdb162314d28a78,Dark-Eyed Junco,Dark-Eyed Junco_bird_0
session_00330,9550592ce6d531f73fdb162314d28a78,Dark-Eyed Junco,Dark-Eyed Junco_bird_0
session_00331,95a64ff6928dab0722db5fbcd1e4d4d3,Dark-Eyed Junco,Dark-Eyed Junco_bird_0
session_00332,95ce12f5191cd5f5597d402040f2cc09,Dark-Eyed Junco,Dark-Eyed Junco_bird_0
session_00333,95ce12f5191cd5f5597d402040f2cc09,Dark-Eyed Junco,Dark-Eyed Junco_bird_0
session_00342,994f0ba3cb0b399c70f3e555c9c82853,Dark-Eyed Junco,Dark-Eyed Junco_bird_0
session_00343,994f0ba3cb0b399c70f3e555c9c82853,Dark-Eyed Junco,Dark-Eyed Junco_bird_0
session_00344,994f0ba3cb0b399c70f3e555c9c82853,Dark-Eyed Junco,Dark-Eyed Junco_bird_0
session_00346,9ae401acf2d288be5cb226cb501cea0f,Dark-Eyed Junco,Dark-Eyed Junco_bird_0
session_00347,9ae401acf2d288be5cb226cb501cea0f,Dark-Eyed Junco,Dark-Eyed Junco_bird_0
session_00348,9decbbfa6f27a6d1e0c540235c64c2c3,Dark-Eyed Junco,Dark-Eyed Junco_bird_0
session_00353,9f5452432d7fa90508aeab9e218f8858,Dark-Eyed Junco,Dark-Eyed Junco_bird_0
session_00354,9f5452432d7fa90508aeab9e218f8858,Dark-Eyed Junco,Dark-Eyed Junco_bird_0
session_00355,9f5c1ef28a688f203397cb64950d1f1e,Dark-Eyed Junco,Dark-Eyed Junco_bird_0
session_00356,9f5c1ef28a688f203397cb64950d1f1e,Dark-Eyed Junco,Dark-Eyed Junco_bird_0
session_00357,9f5c1ef28a688f203397cb64950d1f1e,Dark-Eyed Junco,Dark-Eyed Junco_bird_0
session_00360,9fc0d4e54a9d77400f22d61557417c93,Dark-Eyed Junco,Dark-Eyed Junco_bird_0
session_00361,9fc0d4e54a9d77400f22d61557417c93,Dark-Eyed Junco,Dark-Eyed Junco_bird_0
session_00362,9fc0d4e54a9d77400f22d61557417c93,Dark-Eyed Junco,Dark-Eyed Junco_bird_0
session_00363,9fc0d4e54a9d77400f22d61557417c93,Dark-Eyed Junco,Dark-Eyed Junco_bird_0
session_00364,a085b46b1bbe9272991af83618edff09,Dark-Eyed Junco,Dark-Eyed Junco_bird_0
session_00365,a085b46b1bbe9272991af83618edff09,Dark-Eyed Junco,Dark-Eyed Junco_bird_0
session_00366,a085b46b1bbe9272991af83618edff09,Dark-Eyed Junco,Dark-Eyed Junco_bird_0
session_00367,a085b46b1bbe9272991af83618edff09,Dark-Eyed Junco,Dark-Eyed Junco_bird_0
session_00368,a085b46b1bbe9272991af83618edff09,Dark-Eyed Junco,Dark-Eyed Junco_bird_0
session_00369,a085b46b1bbe9272991af83618edff09,Dark-Eyed Junco,Dark-Eyed Junco_bird_0
session_00371,a42573d02540b896448d891aa732134d,Dark-Eyed Junco,Dark-Eyed Junco_bird_0
session_00372,a42573d02540b896448d891aa732134d,Dark-Eyed Junco,Dark-Eyed Junco_bird_0
session_00373,a42573d02540b896448d891aa732134d,Dark-Eyed Junco,Dark-Eyed Junco_bird_0
session_00378,a82f5b57222aa0ff116d17c61291faf2,Dark-Eyed Junco,Dark-Eyed Junco_bird_0
session_00381,a83cdc3822e5a36ca6a34e6ed637050a,Dark-Eyed Junco,Dark-Eyed Junco_bird_0
session_00382,a83cdc3822e5a36ca6a34e6ed637050a,Dark-Eyed Junco,Dark-Eyed Junco_bird_0
session_00383,a83cdc3822e5a36ca6a34e6ed637050a,Dark-Eyed Junco,Dark-Eyed Junco_bird_0
session_00384,a83cdc3822e5a36ca6a34e6ed637050a,Dark-Eyed Junco,Dark-Eyed Junco_bird_0
session_00387,ab1846dc2b70d3a9cfa453850206d6e2,Dark-Eyed Junco,Dark-Eyed Junco_bird_0
session_00389,ab1846dc2b70d3a9cfa453850206d6e2,Dark-Eyed Junco,Dark-Eyed Junco_bird_0
session_00390,ab36b7b54b5bcdb0e97ddc6ba887c6d9,Dark-Eyed Junco,Dark-Eyed Junco_bird_0
session_00391,ab36b7b54b5bcdb0e97ddc6ba887c6d9,Dark-Eyed Junco,Dark-Eyed Junco_bird_0
session_00392,ab36b7b54b5bcdb0e97ddc6ba887c6d9,Dark-Eyed Junco,Dark-Eyed Junco_bird_0
session_00393,ab9a6edfeb4d9c185e28b9cb6b1b13a5,Dark-Eyed Junco,Dark-Eyed Junco_bird_0
session_00394,ab9a6edfeb4d9c185e28b9cb6b1b13a5,Dark-Eyed Junco,Dark-Eyed Junco_bird_0
session_00395,ac74338e25a1b67c0b066c1fed59121d,Dark-Eyed Junco,Dark-Eyed Junco_bird_0
session_00396,ac74338e25a1b67c0b066c1fed59121d,Dark-Eyed Junco,Dark-Eyed Junco_bird_0
session_00397,ac74338e25a1b67c0b066c1fed59121d,Dark-Eyed Junco,Dark-Eyed Junco_bird_0
session_00398,acd7cef4d90026094b07632264519b1a,Dark-Eyed Junco,Dark-Eyed Junco_bird_0
session_00399,ad27e959be98163dd5629323f256e3be,Dark-Eyed Junco,Dark-Eyed Junco_bird_0
session_00400,ad27e959be98163dd5629323f256e3be,Dark-Eyed Junco,Dark-Eyed Junco_bird_0
session_00406,af87c8de1e461754e40a13f392648c98,Dark-Eyed Junco,Dark-Eyed Junco_bird_0
session_00407,b0e4c6ad86ba9b7f792c277872b9d7f7,Dark-Eyed Junco,Dark-Eyed Junco_bird_0
session_00408,b0e4c6ad86ba9b7f792c277872b9d7f7,Dark-Eyed Junco,Dark-Eyed Junco_bird_0
session_00409,b0e4c6ad86ba9b7f792c277872b9d7f7,Dark-Eyed Junco,Dark-Eyed Junco_bird_0
session_00410,b1ed48ca6b69e2b022f8ddaabba6a45b,Dark-Eyed Junco,Dark-Eyed Junco_bird_0
session_00414,b33b737891b3b598948e9db3e2652ada,Dark-Eyed Junco,Dark-Eyed Junco_bird_0
session_00415,b33b737891b3b598948e9db3e2652ada,Dark-Eyed Junco,Dark-Eyed Junco_bird_0
session_00416,b4570f8bc56448e28e77a08c25e573f4,Dark-Eyed Junco,Dark-Eyed Junco_bird_0
session_00417,b4570f8bc56448e28e77a08c25e573f4,Dark-Eyed Junco,Dark-Eyed Junco_bird_0
session_00418,b4c1877ece4da2610a33df92fcf9de9a,Dark-Eyed Junco,Dark-Eyed Junco_bird_0
session_00419,b4d3259e9a1642c3e308337f9440620d,Dark-Eyed Junco,Dark-Eyed Junco_bird_0
session_00420,b4d3259e9a1642c3e308337f9440620d,Dark-Eyed Junco,Dark-Eyed Junco_bird_0
session_00421,b51d8522834000678056888676085448,Dark-Eyed Junco,Dark-Eyed Junco_bird_0
session_00422,b52129a15aa14a17b746a7043b5bad85,Dark-Eyed Junco,Dark-Eyed Junco_bird_0
session_00428,b7e1e2a95b2b2f822c0f2532fa77c237,Dark-Eyed Junco,Dark-Eyed Junco_bird_0
session_00429,b7e1e2a95b2b2f822c0f2532fa77c237,Dark-Eyed Junco,Dark-Eyed Junco_bird_0
session_00430,b7e1e2a95b2b2f822c0f2532fa77c237,Dark-Eyed Junco,Dark-Eyed Junco_bird_0
session_00431,b7e1e2a95b2b2f822c0f2532fa77c237,Dark-Eyed Junco,Dark-Eyed Junco_bird_0
session_00432,b7ee3eb86f1123086bbee2a5cc64aa54,Dark-Eyed Junco,Dark-Eyed Junco_bird_0
session_00433,b7ee3eb86f1123086bbee2a5cc64aa54,Dark-Eyed Junco,Dark-Eyed Junco_bird_0
session_00434,b7ee3eb86f1123086bbee2a5cc64aa54,Dark-Eyed Junco,Dark-Eyed Junco_bird_0
session_00435,b845b3224e8855a693f90c110cde67fe,Dark-Eyed Junco,Dark-Eyed Junco_bird_0
session_00436,b845b3224e8855a693f90c110cde67fe,Dark-Eyed Junco,Dark-Eyed Junco_bird_0
session_00437,b8ca0989c1fe6524409499cd3e090d5f,Dark-Eyed Junco,Dark-Eyed Junco_bird_0
session_00438,b8ca0989c1fe6524409499cd3e090d5f,Dark-Eyed Junco,Dark-Eyed Junco_bird_0
session_00439,b8ca0989c1fe6524409499cd3e090d5f,Dark-Eyed Junco,Dark-Eyed Junco_bird_0
session_00440,b9039a2f0e1d08e14657182a1c0ece22,Dark-Eyed Junco,Dark-Eyed Junco_bird_0
session_00441,b9039a2f0e1d08e14657182a1c0ece22,Dark-Eyed Junco,Dark-Eyed Junco_bird_0
session_00444,b99160c37ae3969d2a8006b487f92cda,Dark-Eyed Junco,Dark-Eyed Junco_bird_0
session_00446,bc430ab9fd4dbf2b52871a09a84f3564,Dark-Eyed Junco,Dark-Eyed Junco_bird_0
session_00447,bc430ab9fd4dbf2b52871a09a84f3564,Dark-Eyed Junco,Dark-Eyed Junco_bird_0
session_00448,bc430ab9fd4dbf2b52871a09a84f3564,Dark-Eyed Junco,Dark-Eyed Junco_bird_0
session_00449,bf0ececc17197b3f0c6e3ce4ee72f0dc,Dark-Eyed Junco,Dark-Eyed Junco_bird_0
session_00450,c011da3ea5270f28bfecc4f81461cc9c,Dark-Eyed Junco,Dark-Eyed Junco_bird_0
session_00451,c011da3ea5270f28bfecc4f81461cc9c,Dark-Eyed Junco,Dark-Eyed Junco_bird_0
session_00452,c0b1d8952a32ef43b35adbc83642a463,Dark-Eyed Junco,Dark-Eyed Junco_bird_0
session_00453,c0b1d8952a32ef43b35adbc83642a463,Dark-Eyed Junco,Dark-Eyed Junco_bird_0
session_00454,c0b1d8952a32ef43b35adbc83642a463,Dark-Eyed Junco,Dark-Eyed Junco_bird_0
session_00455,c0b1d8952a32ef43b35adbc83642a463,Dark-Eyed Junco,Dark-Eyed Junco_bird_0
session_00460,c293d41b80cd9ede5ae41996aba729ab,Dark-Eyed Junco,Dark-Eyed Junco_bird_0
session_00461,c293d41b80cd9ede5ae41996aba729ab,Dark-Eyed Junco,Dark-Eyed Junco_bird_0
session_00462,c2cc7bf281a8405756ada630d56dc98d,Dark-Eyed Junco,Dark-Eyed Junco_bird_0
session_00463,c45d8da42c6918ad343481cb40dd4580,Dark-Eyed Junco,Dark-Eyed Junco_bird_0
session_00464,c45d8da42c6918ad343481cb40dd4580,Dark-Eyed Junco,Dark-Eyed Junco_bird_0
session_00465,c4ebd7ccc75f9cd0f323149dbde980e9,Dark-Eyed Junco,Dark-Eyed Junco_bird_0
session_00466,c4ebd7ccc75f9cd0f323149dbde980e9,Dark-Eyed Junco,Dark-Eyed Junco_bird_0
session_00467,c5629388cd67f4ad4bc6495351889dd6,Dark-Eyed Junco,Dark-Eyed Junco_bird_0
session_00468,c5629388cd67f4ad4bc6495351889dd6,Dark-Eyed Junco,Dark-Eyed Junco_bird_0
session_00469,c5629388cd67f4ad4bc6495351889dd6,Dark-Eyed Junco,Dark-Eyed Junco_bird_0
session_00470,c5629388cd67f4ad4bc6495351889dd6,Dark-Eyed Junco,Dark-Eyed Junco_bird_0
session_00471,c5629388cd67f4ad4bc6495351889dd6,Dark-Eyed Junco,Dark-Eyed Junco_bird_0
session_00474,ca6a36db20ec49af70c15eed63aec4d6,Dark-Eyed Junco,Dark-Eyed Junco_bird_0
session_00475,ca6a36db20ec49af70c15eed63aec4d6,Dark-Eyed Junco,Dark-Eyed Junco_bird_0
session_00481,d01a7c10369ee9451645af638d307ced,Dark-Eyed Junco,Dark-Eyed Junco_bird_0
session_00482,d01a7c10369ee9451645af638d307ced,Dark-Eyed Junco,Dark-Eyed Junco_bird_0
session_00483,d2b388815b932a5e84c8812df8b8324e,Dark-Eyed Junco,Dark-Eyed Junco_bird_0
session_00484,d2b388815b932a5e84c8812df8b8324e,Dark-Eyed Junco,Dark-Eyed Junco_bird_0
session_00485,d2b388815b932a5e84c8812df8b8324e,Dark-Eyed Junco,Dark-Eyed Junco_bird_0
session_00486,d2b388815b932a5e84c8812df8b8324e,Dark-Eyed Junco,Dark-Eyed Junco_bird_0
session_00487,d2b388815b932a5e84c8812df8b8324e,Dark-Eyed Junco,Dark-Eyed Junco_bird_0
session_00488,d3765ee617ca34f34689d33fb608cd99,Dark-Eyed Junco,Dark-Eyed Junco_bird_0
session_00489,d3765ee617ca34f34689d33fb608cd99,Dark-Eyed Junco,Dark-Eyed Junco_bird_0
session_00490,d4922fe146100d05ea4e7732b90b5658,Dark-Eyed Junco,Dark-Eyed Junco_bird_0
session_00491,d4922fe146100d05ea4e7732b90b5658,Dark-Eyed Junco,Dark-Eyed Junco_bird_0
session_00492,d4922fe146100d05ea4e7732b90b5658,Dark-Eyed Junco,Dark-Eyed Junco_bird_0
session_00493,d4922fe146100d05ea4e7732b90b5658,Dark-Eyed Junco,Dark-Eyed Junco_bird_0
session_00494,d4922fe146100d05ea4e7732b90b5658,Dark-Eyed Junco,Dark-Eyed Junco_bird_0
session_00495,d4922fe146100d05ea4e7732b90b5658,Dark-Eyed Junco,Dark-Eyed Junco_bird_0
session_00496,d5996741dedc4cfb84e5b7fcbf4663ea,Dark-Eyed Junco,Dark-Eyed Junco_bird_0
session_00497,d5996741dedc4cfb84e5b7fcbf4663ea,Dark-Eyed Junco,Dark-Eyed Junco_bird_0
session_00498,d5996741dedc4cfb84e5b7fcbf4663ea,Dark-Eyed Junco,Dark-Eyed Junco_bird_0
session_00499,d5996741dedc4cfb84e5b7fcbf4663ea,Dark-Eyed Junco,Dark-Eyed Junco_bird_0
session_00500,d753708a3aac3798c6b46ad67c1021d0,Dark-Eyed Junco,Dark-Eyed Junco_bird_0
session_00501,d753708a3aac3798c6b46ad67c1021d0,Dark-Eyed Junco,Dark-Eyed Junco_bird_0
session_00502,d7eacb7d23216e016cf0d49106983c54,Dark-Eyed Junco,Dark-Eyed Junco_bird_0
session_00503,d7eacb7d23216e016cf0d49106983c54,Dark-Eyed Junco,Dark-Eyed Junco_bird_0
session_00504,d7eacb7d23216e016cf0d49106983c54,Dark-Eyed Junco,Dark-Eyed Junco_bird_0
session_00505,d7eacb7d23216e016cf0d49106983c54,Dark-Eyed Junco,Dark-Eyed Junco_bird_0
session_00506,d91e27319a23d48a666edf5287c582f7,Dark-Eyed Junco,Dark-Eyed Junco_bird_0
session_00507,d91e27319a23d48a666edf5287c582f7,Dark-Eyed Junco,Dark-Eyed Junco_bird_0
session_00508,d91e27319a23d48a666edf5287c582f7,Dark-Eyed Junco,Dark-Eyed Junco_bird_0
session_00509,dbcb079a4cb87ba66b73c5caa8f6c619,Dark-Eyed Junco,Dark-Eyed Junco_bird_0
session_00510,dbcb079a4cb87ba66b73c5caa8f6c619,Dark-Eyed Junco,Dark-Eyed Junco_bird_0
session_00511,dbcb079a4cb87ba66b73c5caa8f6c619,Dark-Eyed Junco,Dark-Eyed Junco_bird_0
session_00512,dc7f419de669920a6f5d3a2d2e4f10f2,Dark-Eyed Junco,Dark-Eyed Junco_bird_0
session_00513,de395a19a20ca0fe7fb2e4eeb87479e8,Dark-Eyed Junco,Dark-Eyed Junco_bird_0
session_00514,de395a19a20ca0fe7fb2e4eeb87479e8,Dark-Eyed Junco,Dark-Eyed Junco_bird_0
session_00515,de395a19a20ca0fe7fb2e4eeb87479e8,Dark-Eyed Junco,Dark-Eyed Junco_bird_0
session_00516,de395a19a20ca0fe7fb2e4eeb87479e8,Dark-Eyed Junco,Dark-Eyed Junco_bird_0
session_00517,de395a19a20ca0fe7fb2e4eeb87479e8,Dark-Eyed Junco,Dark-Eyed Junco_bird_0
session_00519,df3bd34b09f3c2323fa19b9bfd565e83,Dark-Eyed Junco,Dark-Eyed Junco_bird_0
session_00520,e059aea59f79546bdfd643f2dba2d327,Dark-Eyed Junco,Dark-Eyed Junco_bird_0
session_00521,e059aea59f79546bdfd643f2dba2d327,Dark-Eyed Junco,Dark-Eyed Junco_bird_0
session_00526,e211d1790476ef78080596a071205016,Dark-Eyed Junco,Dark-Eyed Junco_bird_0
session_00527,e2b0f43090ece31461c565bdd46b28fd,Dark-Eyed Junco,Dark-Eyed Junco_bird_0
session_00528,e2b0f43090ece31461c565bdd46b28fd,Dark-Eyed Junco,Dark-Eyed Junco_bird_0
session_00529,e439a4c63ff3a47c84b6125812f457ed,Dark-Eyed Junco,Dark-Eyed Junco_bird_0
session_00530,e439a4c63ff3a47c84b6125812f457ed,Dark-Eyed Junco,Dark-Eyed Junco_bird_0
session_00533,e4e7fc4310707a0a93de6223aa119bac,Dark-Eyed Junco,Dark-Eyed Junco_bird_0
session_00534,e4e7fc4310707a0a93de6223aa119bac,Dark-Eyed Junco,Dark-Eyed Junco_bird_0
session_00536,e62c84a7514438482ef1abf70442054c,Dark-Eyed Junco,Dark-Eyed Junco_bird_1
session_00538,e66f84dfc70f33833b16e331766d21ee,Dark-Eyed Junco,Dark-Eyed Junco_bird_0
session_00539,e66f84dfc70f33833b16e331766d21ee,Dark-Eyed Junco,Dark-Eyed Junco_bird_0
session_00540,e66f84dfc70f33833b16e331766d21ee,Dark-Eyed Junco,Dark-Eyed Junco_bird_0
session_00541,e6a23352fd71f7beed336e016762a667,Dark-Eyed Junco,Dark-Eyed Junco_bird_0
session_00542,e6a23352fd71f7beed336e016762a667,Dark-Eyed Junco,Dark-Eyed Junco_bird_0
session_00543,e6a23352fd71f7beed336e016762a667,Dark-Eyed Junco,Dark-Eyed Junco_bird_0
session_00544,e6a23352fd71f7beed336e016762a667,Dark-Eyed Junco,Dark-Eyed Junco_bird_0
session_00545,e8a2584bd86a4797c2ba9fae840c030e,Dark-Eyed Junco,Dark-Eyed Junco_bird_0
session_00549,ea616eaf5bb39955b2adcf0f14f39e32,Dark-Eyed Junco,Dark-Eyed Junco_bird_0
session_00550,ea616eaf5bb39955b2adcf0f14f39e32,Dark-Eyed Junco,Dark-Eyed Junco_bird_0
session_00551,eb2f6c0fdef2c6059d011080fa860d14,Dark-Eyed Junco,Dark-Eyed Junco_bird_0
session_00552,eb2f6c0fdef2c6059d011080fa860d14,Dark-Eyed Junco,Dark-Eyed Junco_bird_0
session_00555,ebb92ce4558e30f060861ca982e3a808,Dark-Eyed Junco,Dark-Eyed Junco_bird_0
session_00556,ebb92ce4558e30f060861ca982e3a808,Dark-Eyed Junco,Dark-Eyed Junco_bird_0
session_00561,eebf443c5174f6fd36c9a17b6d3cd8f6,Dark-Eyed Junco,Dark-Eyed Junco_bird_0
session_00562,eebf443c5174f6fd36c9a17b6d3cd8f6,Dark-Eyed Junco,Dark-Eyed Junco_bird_0
session_00563,eebf443c5174f6fd36c9a17b6d3cd8f6,Dark-Eyed Junco,Dark-Eyed Junco_bird_0
session_00564,eebf443c5174f6fd36c9a17b6d3cd8f6,Dark-Eyed Junco,Dark-Eyed Junco_bird_0
session_00565,f11fc02b51437e07e960b57dd00d725c,Dark-Eyed Junco,Dark-Eyed Junco_bird_0
session_00566,f11fc02b51437e07e960b57dd00d725c,Dark-Eyed Junco,Dark-Eyed Junco_bird_0
session_00568,f1d50ddafafe45bd5b7e1fcc749fcce4,Dark-Eyed Junco,Dark-Eyed Junco_bird_0
session_00571,f1d50ddafafe45bd5b7e1fcc749fcce4,Dark-Eyed Junco,Dark-Eyed Junco_bird_0
session_00572,f1f24f3d979cf81233f206e405dba472,Dark-Eyed Junco,Dark-Eyed Junco_bird_0
session_00573,f1f24f3d979cf81233f206e405dba472,Dark-Eyed Junco,Dark-Eyed Junco_bird_0
session_00577,f66fcb9cedfa697eb3c4db12b4f1d360,Dark-Eyed Junco,Dark-Eyed Junco_bird_0
session_00578,f66fcb9cedfa697eb3c4db12b4f1d360,Dark-Eyed Junco,Dark-Eyed Junco_bird_0
session_00579,f6a57730e1d2e80fa9b8db2f56ebfdbd,Dark-Eyed Junco,Dark-Eyed Junco_bird_0
session_00580,f6a57730e1d2e80fa9b8db2f56ebfdbd,Dark-Eyed Junco,Dark-Eyed Junco_bird_0
session_00581,f6a57730e1d2e80fa9b8db2f56ebfdbd,Dark-Eyed Junco,Dark-Eyed Junco_bird_0
session_00582,f6bf64ca1091b551f4578da9e9ff29d3,Dark-Eyed Junco,Dark-Eyed Junco_bird_0
session_00583,f763105ab8381dce9e942ebcbb3acdfb,Dark-Eyed Junco,Dark-Eyed Junco_bird_0
session_00584,f763105ab8381dce9e942ebcbb3acdfb,Dark-Eyed Junco,Dark-Eyed Junco_bird_0
session_00585,fb19e755b74dc76f89bf6b35c1c3d04a,Dark-Eyed Junco,Dark-Eyed Junco_bird_0
session_00586,fb19e755b74dc76f89bf6b35c1c3d04a,Dark-Eyed Junco,Dark-Eyed Junco_bird_0
session_00587,fd8bc5592cbf59913fd3900bbeee4dbc,Dark-Eyed Junco,Dark-Eyed Junco_bird_0
session_00588,fd8bc5592cbf59913fd3900bbeee4dbc,Dark-Eyed Junco,Dark-Eyed Junco_bird_0
session_00589,fd8bc5592cbf59913fd3900bbeee4dbc,Dark-Eyed Junco,Dark-Eyed Junco_bird_0
session_00590,fd9683a31abfd897520dde8ae6a8d708,Dark-Eyed Junco,Dark-Eyed Junco_bird_0
session_00591,fd9683a31abfd897520dde8ae6a8d708,Dark-Eyed Junco,Dark-Eyed Junco_bird_0
session_00592,fd9683a31abfd897520dde8ae6a8d708,Dark-Eyed Junco,Dark-Eyed Junco_bird_0
session_00593,ffaf239ec31ab1dcb00af7693f008340,Dark-Eyed Junco,Dark-Eyed Junco_bird_0
session_00594,ffaf239ec31ab1dcb00af7693f008340,Dark-Eyed Junco,Dark-Eyed Junco_bird_0
session_00595,ffc8ef36acdd76f90a458956e531ecb6,Dark-Eyed Junco,Dark-Eyed Junco_bird_0
session_00596,ffc8ef36acdd76f90a458956e531ecb6,Dark-Eyed Junco,Dark-Eyed Junco_bird_0
session_00597,ffc8ef36acdd76f90a458956e531ecb6,Dark-Eyed Junco,Dark-Eyed Junco_bird_0
session_00134,39383f32d47c351a93fd24547da1dca3,Golden-Crowned Sparrow,Golden-Crowned Sparrow_bird_0
session_00135,39383f32d47c351a93fd24547da1dca3,Golden-Crowned Sparrow,Golden-Crowned Sparrow_bird_0
session_00136,39383f32d47c351a93fd24547da1dca3,Golden-Crowned Sparrow,Golden-Crowned Sparrow_bird_2
session_00137,39383f32d47c351a93fd24547da1dca3,Golden-Crowned Sparrow,Golden-Crowned Sparrow_bird_1
session_00292,837f8b76f6874c4ddd9cd550deb76604,Golden-Crowned Sparrow,Golden-Crowned Sparrow_bird_0
session_00293,837f8b76f6874c4ddd9cd550deb76604,Golden-Crowned Sparrow,Golden-Crowned Sparrow_bird_0
session_00294,837f8b76f6874c4ddd9cd550deb76604,Golden-Crowned Sparrow,Golden-Crowned Sparrow_bird_2
session_00458,c1eb9921a3b3e161f63485d61c221c02,Golden-Crowned Sparrow,Golden-Crowned Sparrow_bird_0
session_00258,798e34fde314055c4a3a062d40afece0,House Finch,House Finch_bird_0
session_00259,798e34fde314055c4a3a062d40afece0,House Finch,House Finch_bird_4
session_00260,798e34fde314055c4a3a062d40afece0,House Finch,House Finch_bird_1
session_00275,7efffd79544bab753c25c028a4ca977c,House Finch,House Finch_bird_1
session_00276,7efffd79544bab753c25c028a4ca977c,House Finch,House Finch_bird_5
session_00349,9f41e02d4b3f548be91aad6ad6f831af,House Finch,House Finch_bird_4
session_00350,9f41e02d4b3f548be91aad6ad6f831af,House Finch,House Finch_bird_2
session_00351,9f41e02d4b3f548be91aad6ad6f831af,House Finch,House Finch_bird_3
session_00352,9f41e02d4b3f548be91aad6ad6f831af,House Finch,House Finch_bird_0
